{"cameraMode":{"drawMode":0,"name":"Shaded","section":"Shading Mode"},"sceneLighting":true,"audioPlay":false,"sceneViewState":{"m_AlwaysRefresh":false,"showFog":true,"showSkybox":true,"showFlares":true,"showImageEffects":true,"showParticleSystems":true,"showVisualEffectGraphs":true,"m_FxEnabled":true},"in2DMode":false,"pivot":{"x":-129.22776794433595,"y":89.44741821289063,"z":3.8153438568115236},"rotation":{"x":-0.20786556601524354,"y":-0.7914179563522339,"z":0.38700273633003237,"w":-0.42507609724998476},"size":7.796899318695068,"orthographic":false}